<?xml version="1.0" encoding="UTF-8"?>
<project-private xmlns="http://www.netbeans.org/ns/project-private/1">
    <editor-bookmarks xmlns="http://www.netbeans.org/ns/editor-bookmarks/2" lastBookmarkId="0"/>
    <open-files xmlns="http://www.netbeans.org/ns/projectui-open-files/2">
        <group>
            <file>file:/F:/PC/nidhi%20MCA/4th%20Sem/Project/paint/src/paint/Paint.java</file>
            <file>file:/F:/PC/nidhi%20MCA/4th%20Sem/Project/paint/src/paint/FXMLDocumentController.java</file>
            <file>file:/F:/PC/nidhi%20MCA/4th%20Sem/Project/paint/src/paint/FXMLDocument.fxml</file>
        </group>
    </open-files>
</project-private>
